{"cameraMode":{"drawMode":0,"name":"Shaded","section":"Shading Mode"},"sceneLighting":true,"audioPlay":false,"sceneViewState":{"showFog":true,"showMaterialUpdate":false,"showSkybox":true,"showFlares":true,"showImageEffects":true,"showParticleSystems":true},"in2DMode":false,"pivot":{"x":0.0000035762786865234377,"y":1.25,"z":30.000003814697267},"rotation":{"x":0.21282260119915009,"y":-0.39863696694374087,"z":0.09565409272909165,"w":0.88693767786026},"size":13.189703941345215,"orthographic":false}